observavel,entradas,artigos
espectro_de_particulas,755,402
quarkonia,522,314
geometria_colisao,473,248
choque_espalhamento,428,280
fluxo,419,232
multiplicidade,397,236
correlacoes,361,212
producao_de_hadrons,318,179
supressao,260,166
sondas_eletromagneticas,212,148
flutuacoes,129,77
estranheza,121,66
spin_e_polarizacao,119,90
antimateria_nucleos_leves,76,34
producao_de_jatos,58,37
neutrons_emissao_frontal,49,21
interferometria,48,31
producao_de_bosons,44,27
higgs,32,22
formas_de_evento,28,22
caracterizacao_de_detector,24,22
energia_transversa_densidade,23,11
propriedades_de_jatos,21,18
fenomenos_quirais_magneticos,21,5
luminosidade,18,9
acelerador_e_feixe,14,7
neutrinos,13,9
efeitos_nucleares,13,8
top_quark,13,9
exoticos,13,9
hidrodinamica_transporte,12,8
estrutura_nuclear,12,3
freezeout_temperatura,12,6
pid,11,9
qgp,11,8
tracking,11,11
termodinamica_equacao_de_estado,10,6
calibracao,10,7
transicoes_diagrama_de_fase,9,7
partons_pdfs,9,6
taxa_de_eventos,8,6
nova_fisica,8,7
espectros_contendo_distribuicoes,8,6
reconstrucao_de_jatos,8,7
barions_stopping,8,5
assimetria_de_carga,7,4
fragmentacao_hadronizacao,6,5
difracao,6,6
emaranhamento_quantico,5,3
buracos_negros,5,2
muons_eletrons,5,5
supersimetria,4,4
gluons_saturacao,4,4
tau,4,2
particulas_novas,3,3
materia_escura,3,2
particulas_vida_longa,3,3
evento_subjacente,3,2
observaveis_de_chuveiro_aereo,3,1
radiacao,2,2
background,2,2
interacoes_hadronicas,2,2
processos_fotons,2,2
leis_de_conservacao,2,1
simulacao,2,2
energia_transversa_faltante,1,1
decaimento_de_particulas,1,1
caracterizacao_de_material,1,1
